ID,questionText,topicID,correctAnswer
1,23和29的最小公倍數是多少？,4N4,3
2,23和5的最小公倍數是多少？,4N4,2
3,43和61的最小公倍數是多少？,4N4,2
4,17和61的最小公倍數是多少？,4N4,4
5,23和7的最小公倍數是多少？,4N4,1
6,19和53的最小公倍數是多少？,4N4,3
7,23和17的最小公倍數是多少？,4N4,4
8,11和23的最小公倍數是多少？,4N4,4
9,17和13的最小公倍數是多少？,4N4,1
10,29和13的最小公倍數是多少？,4N4,3
11,29和17的最小公倍數是多少？,4N4,4
12,29和31的最小公倍數是多少？,4N4,4
13,3和11的最小公倍數是多少？,4N4,1
14,7和19的最小公倍數是多少？,4N4,4
15,19和13的最小公倍數是多少？,4N4,4
16,17和11的最小公倍數是多少？,4N4,2
17,19和17的最小公倍數是多少？,4N4,1
18,41和19的最小公倍數是多少？,4N4,3
19,71和3的最小公倍數是多少？,4N4,1
20,71和3的最小公倍數是多少？,4N4,4
21,84和24的最小公倍數是多少？,4N4,2
22,30和18的最小公倍數是多少？,4N4,3
23,54和30的最小公倍數是多少？,4N4,1
24,48和30的最小公倍數是多少？,4N4,3
25,42和66的最小公倍數是多少？,4N4,4
26,60和30的最小公倍數是多少？,4N4,1
27,36和24的最小公倍數是多少？,4N4,3
28,18和54的最小公倍數是多少？,4N4,1
29,12和42的最小公倍數是多少？,4N4,4
30,90和78的最小公倍數是多少？,4N4,4
31,114和60的最小公倍數是多少？,4N4,4
32,36和96的最小公倍數是多少？,4N4,4
33,72和84的最小公倍數是多少？,4N4,1
34,24和42的最小公倍數是多少？,4N4,2
35,48和6的最小公倍數是多少？,4N4,3
36,24和126的最小公倍數是多少？,4N4,3
37,84和78的最小公倍數是多少？,4N4,3
38,48和18的最小公倍數是多少？,4N4,3
39,60和24的最小公倍數是多少？,4N4,1
40,48和120的最小公倍數是多少？,4N4,2
41,"12,18和30的最小公倍數是多少？",4N5,4
42,"30,45和75的最小公倍數是多少？",4N5,4
43,"48,72和120的最小公倍數是多少？",4N5,3
44,"70,105和175的最小公倍數是多少？",4N5,2
45,"96,144和240的最小公倍數是多少？",4N5,3
46,"126,189和315的最小公倍數是多少？",4N5,4
47,"48,72和120的最小公倍數是多少？",4N5,3
48,"72,108和180的最小公倍數是多少？",4N5,4
49,"20,30和50的最小公倍數是多少？",4N5,3
50,"36,54和90的最小公倍數是多少？",4N5,3
51,"56,84和140的最小公倍數是多少？",4N5,1
52,"24,36和60的最小公倍數是多少？",4N5,4
53,"80,120和200的最小公倍數是多少？",4N5,1
54,"40,60和100的最小公倍數是多少？",4N5,4
55,"60,90和150的最小公倍數是多少？",4N5,2
56,"84,126和210的最小公倍數是多少？",4N5,4
57,"112,168和280的最小公倍數是多少？",4N5,4
58,"144,216和360的最小公倍數是多少？",4N5,1
59,"54,81和135的最小公倍數是多少？",4N5,3
60,"16,24和40的最小公倍數是多少？",4N5,4
61,84和24的第5個公倍數是多少？,4N5,3
62,30和18的第9個公倍數是多少？,4N5,1
63,54和30的第7個公倍數是多少？,4N5,4
64,48和30的第9個公倍數是多少？,4N5,2
65,42和66的第7個公倍數是多少？,4N5,2
66,60和30的第9個公倍數是多少？,4N5,3
67,36和24的第5個公倍數是多少？,4N5,4
68,18和54的第9個公倍數是多少？,4N5,1
69,12和42的第5個公倍數是多少？,4N5,1
70,90和78的第7個公倍數是多少？,4N5,1
71,114和60的第7個公倍數是多少？,4N5,4
72,36和96的第9個公倍數是多少？,4N5,4
73,72和84的第7個公倍數是多少？,4N5,2
74,24和42的第9個公倍數是多少？,4N5,1
75,48和6的第5個公倍數是多少？,4N5,3
76,24和126的第5個公倍數是多少？,4N5,2
77,84和78的第5個公倍數是多少？,4N5,4
78,48和18的第9個公倍數是多少？,4N5,4
79,60和24的第7個公倍數是多少？,4N5,4
80,48和120的第5個公倍數是多少？,4N5,2
81,K是84和24的最小公倍數數小19,4N5,4
82,K是30和18的最小公倍數數小19,4N5,2
83,K是54和30的最小公倍數數小19,4N5,3
84,K是48和30的最小公倍數數小19,4N5,3
85,K是42和66的最小公倍數數小19,4N5,1
86,K是60和30的最小公倍數數小19,4N5,2
87,K是36和24的最小公倍數數小19,4N5,2
88,K是18和54的最小公倍數數小19,4N5,3
89,K是12和42的最小公倍數數小19,4N5,2
90,K是90和78的最小公倍數數小19,4N5,1
91,K是114和60的最小公倍數數小19,4N5,3
92,K是36和96的最小公倍數數小19,4N5,3
93,K是72和84的最小公倍數數小19,4N5,4
94,K是24和42的最小公倍數數小19,4N5,3
95,K是48和6的最小公倍數數小19,4N5,4
96,K是24和126的最小公倍數數小19,4N5,3
97,K是84和78的最小公倍數數小19,4N5,3
98,K是48和18的最小公倍數數小19,4N5,1
99,K是60和24的最小公倍數數小19,4N5,2
100,K是48和120的最小公倍數數小19,4N5,3
101,12和9的最小公倍數是36,4N6,2
102,9和12的最小公倍數是36,4N6,2
103,15和21的最小公倍數是105,4N6,1
104,16和12的最小公倍數是48,4N6,3
105,24和18的最小公倍數是72,4N6,4
106,25和20的最小公倍數是100,4N6,3
107,26和13的最小公倍數是26,4N6,3
108,28和21的最小公倍數是84,4N6,3
109,32和40的最小公倍數是160,4N6,3
110,30和33的最小公倍數是330,4N6,1
111,14和35的最小公倍數是70,4N6,4
112,12和15的最小公倍數是60,4N6,1
113,2和8的最小公倍數是8,4N6,2
114,15和18的最小公倍數是90,4N6,1
115,16和20的最小公倍數是80,4N6,4
116,20和14的最小公倍數是140,4N6,4
117,22和11的最小公倍數是22,4N6,2
118,32和14的最小公倍數是224,4N6,2
119,18和16的最小公倍數是144,4N6,3
120,14和20的最小公倍數是140,4N6,4
121,"12,18和24的最小公倍數是多少？",4N6,2
122,"30,45和60的最小公倍數是多少？",4N6,1
123,"48,72和96的最小公倍數是多少？",4N6,3
124,"70,105和140的最小公倍數是多少？",4N6,4
125,"96,144和192的最小公倍數是多少？",4N6,1
126,"126,189和252的最小公倍數是多少？",4N6,2
127,"48,72和96的最小公倍數是多少？",4N6,3
128,"72,108和144的最小公倍數是多少？",4N6,4
129,"20,30和40的最小公倍數是多少？",4N6,4
130,"36,54和72的最小公倍數是多少？",4N6,2
131,"56,84和112的最小公倍數是多少？",4N6,1
132,"24,36和48的最小公倍數是多少？",4N6,3
133,"80,120和160的最小公倍數是多少？",4N6,4
134,"40,60和80的最小公倍數是多少？",4N6,3
135,"60,90和120的最小公倍數是多少？",4N6,3
136,"84,126和168的最小公倍數是多少？",4N6,1
137,"112,168和224的最小公倍數是多少？",4N6,3
138,"144,216和288的最小公倍數是多少？",4N6,2
139,"54,81和108的最小公倍數是多少？",4N6,1
140,"16,24和32的最小公倍數是多少？",4N6,2
141,以下那項列出150以內15和10的所有公倍數？,4N6,1
142,以下那項列出150以內12和18的所有公倍數？,4N6,4
143,以下那項列出150以內12和20的所有公倍數？,4N6,3
144,以下那項列出150以內8和6的所有公倍數？,4N6,1
145,以下那項列出150以內8和12的所有公倍數？,4N6,2
146,以下那項列出150以內8和20的所有公倍數？,4N6,2
147,以下那項列出150以內8和7的所有公倍數？,4N6,3
148,以下那項列出150以內15和20的所有公倍數？,4N6,4
149,以下那項列出150以內15和30的所有公倍數？,4N6,1
150,以下那項列出150以內15和9的所有公倍數？,4N6,1
151,以下那項列出150以內15和6的所有公倍數？,4N6,4
152,以下那項列出150以內14和8的所有公倍數？,4N6,4
153,以下那項列出150以內20和6的所有公倍數？,4N6,2
154,以下那項列出150以內12和10的所有公倍數？,4N6,1
155,以下那項列出150以內10和8的所有公倍數？,4N6,4
156,以下那項列出150以內10和6的所有公倍數？,4N6,3
157,以下那項列出150以內10和4的所有公倍數？,4N6,3
158,以下那項列出150以內12和9的所有公倍數？,4N6,2
159,以下那項列出150以內12和15的所有公倍數？,4N6,1
160,以下那項列出150以內12和16的所有公倍數？,4N6,3
161,"6,9,12,24和45的最小公倍數是多少？",4N6,1
162,"3,6,9,12和45的最小公倍數是多少？",4N6,1
163,"6,9,12,24和45的最小公倍數是多少？",4N6,2
164,"2,6,16,18和20的最小公倍數是多少？",4N6,1
165,"4,6,8,10和12的最小公倍數是多少？",4N6,4
166,"35,28,70,21和14的最小公倍數是多少？",4N6,4
167,"6,9,12,18和30的最小公倍數是多少？",4N6,4
168,"7,14,21,28和56的最小公倍數是多少？",4N6,3
169,"7,21,28,56和63的最小公倍數是多少？",4N6,1
170,"35,70,105,140和210的最小公倍數是多少？",4N6,2
171,"21,35,42,28和14的最小公倍數是多少？",4N6,2
172,"2,4,6,8和10的最小公倍數是多少？",4N6,2
173,"30,10,15,20和25的最小公倍數是多少？",4N6,1
174,"2,4,12,16和20的最小公倍數是多少？",4N6,3
175,"10,20,30,40和60的最小公倍數是多少？",4N6,2
176,"3,9,12,18和21的最小公倍數是多少？",4N6,1
177,"4,6,8,12和14的最小公倍數是多少？",4N6,1
178,"15,30,45,50和20的最小公倍數是多少？",4N6,4
179,"4,6,10,12和16的最小公倍數是多少？",4N6,3
180,"6,8,10,16和24的最小公倍數是多少？",4N6,3
181,某兩個數目的第4個公倍數是36,4N6,1
182,某兩個數目的第3個公倍數是36,4N6,4
183,某兩個數目的第5個公倍數是105,4N6,1
184,某兩個數目的第2個公倍數是48,4N6,3
185,某兩個數目的第3個公倍數是72,4N6,2
186,某兩個數目的第4個公倍數是100,4N6,4
187,某兩個數目的第4個公倍數是260,4N6,4
188,某兩個數目的第7個公倍數是84,4N6,1
189,某兩個數目的第8個公倍數是160,4N6,2
190,某兩個數目的第5個公倍數是330,4N6,2
191,某兩個數目的第14個公倍數是70,4N6,2
192,某兩個數目的第3個公倍數是60,4N6,1
193,某兩個數目的第3個公倍數是186,4N6,3
194,某兩個數目的第3個公倍數是90,4N6,4
195,某兩個數目的第5個公倍數是80,4N6,4
196,某兩個數目的第5個公倍數是140,4N6,4
197,某兩個數目的第5個公倍數是220,4N6,4
198,某兩個數目的第8個公倍數是224,4N6,3
199,某兩個數目的第6個公倍數是144,4N6,2
200,某兩個數目的第7個公倍數是140,4N6,1